{"textures":{"0":"modelengine:entity/bearmeg"},"elements":[{"from":[5.1054616,7.203852,1.1653309],"to":[5.968776,8.067166,3.4077044],"faces":{"east":{"uv":[4.75,9.875,5.0,10.0],"tintindex":0,"rotation":0,"texture":"#0"},"south":{"uv":[12.125,5.5,12.25,5.625],"tintindex":0,"rotation":0,"texture":"#0"},"north":{"uv":[12.125,5.375,12.25,5.5],"tintindex":0,"rotation":0,"texture":"#0"},"west":{"uv":[4.75,9.875,5.0,10.0],"tintindex":0,"rotation":0,"texture":"#0"},"up":{"uv":[10.5,2.375,10.375,2.125],"tintindex":0,"rotation":0,"texture":"#0"},"down":{"uv":[4.75,9.875,5.0,10.0],"tintindex":0,"rotation":0,"texture":"#0"}},"rotation":{"origin":[19.477045,7.0,3.0],"angle":-22.5,"axis":"x"}},{"from":[7.5516887,6.796148,0.34992027],"to":[8.415003,7.659462,2.5922956],"faces":{"east":{"uv":[4.75,9.875,5.0,10.0],"tintindex":0,"rotation":0,"texture":"#0"},"south":{"uv":[12.125,11.125,12.25,11.25],"tintindex":0,"rotation":0,"texture":"#0"},"north":{"uv":[4.75,9.875,5.0,10.0],"tintindex":0,"rotation":0,"texture":"#0"},"west":{"uv":[4.75,9.875,5.0,10.0],"tintindex":0,"rotation":0,"texture":"#0"},"up":{"uv":[10.5,2.375,10.375,2.125],"tintindex":0,"rotation":0,"texture":"#0"},"down":{"uv":[4.75,9.875,5.0,10.0],"tintindex":0,"rotation":0,"texture":"#0"}},"rotation":{"origin":[23.55409,7.0,0.9614773],"angle":-22.5,"axis":"x"}},{"from":[6.3285747,7.4077044,0.9614773],"to":[7.1918893,8.271019,3.2038527],"faces":{"east":{"uv":[4.75,9.875,5.0,10.0],"tintindex":0,"rotation":0,"texture":"#0"},"south":{"uv":[1.375,12.25,1.5,12.375],"tintindex":0,"rotation":0,"texture":"#0"},"north":{"uv":[4.75,9.875,5.0,10.0],"tintindex":0,"rotation":0,"texture":"#0"},"west":{"uv":[4.75,9.875,5.0,10.0],"tintindex":0,"rotation":0,"texture":"#0"},"up":{"uv":[10.5,2.375,10.375,2.125],"tintindex":0,"rotation":0,"texture":"#0"},"down":{"uv":[4.75,9.875,5.0,10.0],"tintindex":0,"rotation":0,"texture":"#0"}},"rotation":{"origin":[21.515568,7.0,3.0],"angle":-22.5,"axis":"x"}},{"from":[7.4497623,7.203852,2.1845913],"to":[8.57095,8.426966,4.223114],"faces":{"east":{"uv":[5.25,4.625,5.5,4.75],"tintindex":0,"rotation":0,"texture":"#0"},"south":{"uv":[1.375,12.0,1.5,12.125],"tintindex":0,"rotation":0,"texture":"#0"},"north":{"uv":[1.25,12.0,1.375,12.125],"tintindex":0,"rotation":0,"texture":"#0"},"west":{"uv":[5.5,4.625,5.75,4.75],"tintindex":0,"rotation":0,"texture":"#0"},"up":{"uv":[1.5,11.875,1.625,12.0],"tintindex":0,"rotation":0,"texture":"#0"},"down":{"uv":[12.25,4.25,12.125,4.375],"tintindex":0,"rotation":0,"texture":"#0"}}},{"from":[5.0035357,6.5922956,3.611557],"to":[11.1191025,8.630818,8.707863],"faces":{"east":{"uv":[5.125,12.0,5.875,12.375],"tintindex":0,"rotation":0,"texture":"#0"},"south":{"uv":[5.125,12.0,5.875,12.375],"tintindex":0,"rotation":0,"texture":"#0"},"north":{"uv":[5.125,12.0,5.875,12.375],"tintindex":0,"rotation":0,"texture":"#0"},"west":{"uv":[5.125,12.0,5.875,12.375],"tintindex":0,"rotation":0,"texture":"#0"},"up":{"uv":[11.375,10.5,10.5,9.75],"tintindex":0,"rotation":0,"texture":"#0"},"down":{"uv":[12.25,2.875,11.5,3.5],"tintindex":0,"rotation":0,"texture":"#0"}}},{"from":[6.226649,7.203852,2.5922956],"to":[7.347836,8.426966,4.223114],"faces":{"east":{"uv":[7.0,1.75,7.25,1.875],"tintindex":0,"rotation":0,"texture":"#0"},"south":{"uv":[9.0,12.0,9.125,12.125],"tintindex":0,"rotation":0,"texture":"#0"},"north":{"uv":[6.125,12.0,6.25,12.125],"tintindex":0,"rotation":0,"texture":"#0"},"west":{"uv":[7.0,6.5,7.25,6.625],"tintindex":0,"rotation":0,"texture":"#0"},"up":{"uv":[1.5,11.875,1.625,12.0],"tintindex":0,"rotation":0,"texture":"#0"},"down":{"uv":[12.25,4.25,12.125,4.375],"tintindex":0,"rotation":0,"texture":"#0"}}},{"from":[8.774802,6.5922956,0.7576256],"to":[9.638117,7.45561,3.0],"faces":{"east":{"uv":[4.75,9.875,5.0,10.0],"tintindex":0,"rotation":0,"texture":"#0"},"south":{"uv":[2.375,12.25,2.5,12.375],"tintindex":0,"rotation":0,"texture":"#0"},"north":{"uv":[4.75,9.875,5.0,10.0],"tintindex":0,"rotation":0,"texture":"#0"},"west":{"uv":[4.75,9.875,5.0,10.0],"tintindex":0,"rotation":0,"texture":"#0"},"up":{"uv":[10.5,2.375,10.375,2.125],"tintindex":0,"rotation":0,"texture":"#0"},"down":{"uv":[4.75,9.875,5.0,10.0],"tintindex":0,"rotation":0,"texture":"#0"}},"rotation":{"origin":[25.592613,7.0,0.9614773],"angle":-22.5,"axis":"x"}},{"from":[9.997915,7.203852,1.1653309],"to":[10.86123,8.067166,3.4077044],"faces":{"east":{"uv":[4.75,9.875,5.0,10.0],"tintindex":0,"rotation":0,"texture":"#0"},"south":{"uv":[3.375,12.25,3.5,12.375],"tintindex":0,"rotation":0,"texture":"#0"},"north":{"uv":[4.75,9.875,5.0,10.0],"tintindex":0,"rotation":0,"texture":"#0"},"west":{"uv":[4.75,9.875,5.0,10.0],"tintindex":0,"rotation":0,"texture":"#0"},"up":{"uv":[10.5,2.375,10.375,2.125],"tintindex":0,"rotation":0,"texture":"#0"},"down":{"uv":[4.75,9.875,5.0,10.0],"tintindex":0,"rotation":0,"texture":"#0"}},"rotation":{"origin":[27.631134,7.0,3.0],"angle":-22.5,"axis":"x"}},{"from":[9.895989,7.203852,3.0],"to":[11.017177,8.426966,4.223114],"faces":{"east":{"uv":[1.5,11.875,1.625,12.0],"tintindex":0,"rotation":0,"texture":"#0"},"south":{"uv":[10.125,12.125,10.25,12.25],"tintindex":0,"rotation":0,"texture":"#0"},"north":{"uv":[9.25,12.125,9.375,12.25],"tintindex":0,"rotation":0,"texture":"#0"},"west":{"uv":[10.25,12.125,10.375,12.25],"tintindex":0,"rotation":0,"texture":"#0"},"up":{"uv":[1.5,11.875,1.625,12.0],"tintindex":0,"rotation":0,"texture":"#0"},"down":{"uv":[12.25,4.25,12.125,4.375],"tintindex":0,"rotation":0,"texture":"#0"}}},{"from":[5.0239205,7.203852,3.0],"to":[6.043182,8.426966,4.223114],"faces":{"east":{"uv":[1.5,11.875,1.625,12.0],"tintindex":0,"rotation":0,"texture":"#0"},"south":{"uv":[5.5,11.75,5.625,11.875],"tintindex":0,"rotation":0,"texture":"#0"},"north":{"uv":[5.25,11.75,5.375,11.875],"tintindex":0,"rotation":0,"texture":"#0"},"west":{"uv":[7.5,11.75,7.625,11.875],"tintindex":0,"rotation":0,"texture":"#0"},"up":{"uv":[1.5,11.875,1.625,12.0],"tintindex":0,"rotation":0,"texture":"#0"},"down":{"uv":[12.25,4.25,12.125,4.375],"tintindex":0,"rotation":0,"texture":"#0"}}},{"from":[8.672876,7.203852,2.5922956],"to":[9.794064,8.426966,4.223114],"faces":{"east":{"uv":[8.625,8.5,8.875,8.625],"tintindex":0,"rotation":0,"texture":"#0"},"south":{"uv":[1.25,12.125,1.375,12.25],"tintindex":0,"rotation":0,"texture":"#0"},"north":{"uv":[12.0,7.875,12.125,8.0],"tintindex":0,"rotation":0,"texture":"#0"},"west":{"uv":[8.75,4.5,9.0,4.625],"tintindex":0,"rotation":0,"texture":"#0"},"up":{"uv":[1.5,11.875,1.625,12.0],"tintindex":0,"rotation":0,"texture":"#0"},"down":{"uv":[12.25,4.25,12.125,4.375],"tintindex":0,"rotation":0,"texture":"#0"}}}],"display":{"gui":{"rotation":[30,225,0]}}}