{"textures":{"0":"modelengine:entity/bearmeg"},"elements":[{"from":[5.7576256,19.515251,-4.6083374],"to":[9.732744,21.146069,-4.6083374],"faces":{"south":{"uv":[2.125,10.125,2.625,10.375],"tintindex":0,"rotation":0,"texture":"#0"},"north":{"uv":[2.625,10.125,2.125,10.375],"tintindex":0,"rotation":0,"texture":"#0"}},"rotation":{"origin":[8.0,24.0,17.0],"angle":-45.0,"axis":"x"}},{"from":[5.3356514,7.5412865,3.9545193],"to":[10.203643,9.172104,8.031565],"faces":{"east":{"uv":[7.25,10.0,6.75,10.25],"tintindex":0,"rotation":0,"texture":"#0"},"south":{"uv":[12.0,7.125,12.625,7.375],"tintindex":0,"rotation":0,"texture":"#0"},"north":{"uv":[12.0,6.875,12.625,7.125],"tintindex":0,"rotation":0,"texture":"#0"},"west":{"uv":[6.75,10.0,7.25,10.25],"tintindex":0,"rotation":0,"texture":"#0"},"up":{"uv":[12.5,1.625,11.875,1.125],"tintindex":0,"rotation":0,"texture":"#0"},"down":{"uv":[0.625,12.0,0.0,12.5],"tintindex":0,"rotation":0,"texture":"#0"}},"rotation":{"origin":[8.0,8.0,9.0],"angle":-45.0,"axis":"x"}},{"from":[5.7576256,18.903694,-4.6083374],"to":[5.7576256,20.534512,-0.9389992],"faces":{"east":{"uv":[7.25,10.5,6.75,10.75],"tintindex":0,"rotation":0,"texture":"#0"},"west":{"uv":[6.75,10.5,7.25,10.75],"tintindex":0,"rotation":0,"texture":"#0"}},"rotation":{"origin":[8.0,24.0,17.0],"angle":-45.0,"axis":"x"}},{"from":[9.732744,18.903694,-4.6083374],"to":[9.732744,20.534512,-0.9389992],"faces":{"east":{"uv":[7.25,10.5,6.75,10.75],"tintindex":0,"rotation":0,"texture":"#0"},"west":{"uv":[6.75,10.5,7.25,10.75],"tintindex":0,"rotation":0,"texture":"#0"}},"rotation":{"origin":[10.038523,24.0,17.0],"angle":-45.0,"axis":"x"}}],"display":{"gui":{"rotation":[30,225,0]}}}